1778362067,6.039,normal,1,1
1778362067,6.907,normal,1,1
1778362067,7.997,normal,1,1
1778362067,8.779,normal,1,1
1778362067,10.04,normal,1,1
1778362067,10.787,normal,1,2
1778362067,11.433,normal,1,2
1778362067,12.365,normal,1,2
1778362067,14.096,normal,1,2
1778362083,6.444,normal,1,1
1778362083,7.786,normal,1,1
1778362083,8.807,normal,1,1
1778362083,9.861,normal,1,1
1778362083,10.86,normal,1,2
1778362083,11.301,normal,1,2
1778362083,11.825,normal,1,2
1778362083,12.862,normal,1,2
1778362083,13.54,normal,1,2
1778362083,14.562,normal,1,2
1778362083,20.73,normal,1,2
1778362083,21.713,normal,1,2
1778362083,22.716,normal,1,2
1778362083,22.886,normal,1,2
1778362083,23.702,normal,1,2
1778362083,24.721,normal,1,2
1778362083,25.794,fast,1,3
1778362083,25.844,normal,1,3
1778362083,26.763,fast,1,3
1778362083,26.899,fast,1,3
1778362083,28.473,normal,1,3
1778362083,29.0,fast,1,3
1778362083,29.611,fast,1,3
1778362083,34.479,normal,1,3
1778362083,36.548,normal,1,3
1778362083,42.641,normal,1,3
1778362083,43.524,normal,1,3
1778362083,44.49,normal,1,3
1778362083,45.556,normal,1,3
1778362083,45.656,normal,1,3
1778362083,45.758,normal,1,3
1778362083,46.706,normal,1,3
1778362083,47.197,normal,1,3
1778362083,47.636,normal,1,3
1778362083,47.67,normal,1,3
1778362083,48.798,fast,1,3
1778362083,49.356,normal,1,3
1778362083,49.627,fast,1,3
1778362083,50.321,normal,1,3
1778362083,50.59,fast,1,3
1778362083,50.86,normal,1,3
1778362083,51.013,fast,1,3
1778362083,51.539,normal,1,3
1778362083,51.795,fast,1,3
1778362083,52.489,normal,1,3
1778362083,52.642,fast,1,3
1778362083,52.727,fast,1,3
1778362083,53.609,fast,1,3
1778362083,53.98,fast,1,3
1778362083,54.676,fast,1,3
1778362083,60.159,tank,1,4
1778362083,61.819,tank,1,4
1778362083,63.365,tank,1,4
1778362083,64.64,tank,1,4
1778362083,65.603,tank,1,4
1778362083,79.032,boss,1,4
1778362083,81.766,boss,1,4
1778362083,84.255,boss,1,4
1778362083,98.34,tank,2,2
1778362083,99.957,tank,2,2
1778362083,100.295,tank,2,2
1778362083,101.569,tank,2,2
1778362083,102.931,tank,2,2
1778362083,108.418,fast,2,2
1778362083,109.66,fast,2,2
1778362083,110.434,fast,2,2
1778362083,110.672,fast,2,2
1778362083,110.792,fast,2,2
1778362083,111.607,fast,2,2
1778362083,111.675,fast,2,2
1778362083,111.879,fast,2,2
1778362083,112.999,fast,2,2
1778362083,113.762,fast,2,3
1778362083,117.035,tank,2,3
1778362083,118.322,tank,2,3
1778362083,119.998,tank,2,3
1778362083,121.284,tank,2,3
1778362083,121.556,tank,2,3
1778362083,135.152,tank,2,3
1778362083,136.323,tank,2,3
1778362083,137.912,tank,2,3
1778362083,138.219,tank,2,3
1778362083,138.847,tank,2,3
1778362083,139.592,tank,2,3
1778362083,141.184,tank,2,3
1778362083,142.182,tank,2,3
1778362083,142.779,tank,2,3
1778362083,144.465,tank,2,3
1778362083,145.482,boss,2,3
1778362251,15.309,normal,1,2
1778362251,16.448,normal,1,2
1778362251,17.415,normal,1,2
1778362251,18.418,normal,1,2
1778362251,19.456,normal,1,2
1778362251,19.932,normal,1,2
1778362251,20.426,normal,1,2
1778362251,20.817,normal,1,2
1778362251,21.834,normal,1,2
1778362251,22.888,normal,1,2
1778362251,38.262,normal,1,3
1778362251,39.228,normal,1,3
1778362251,39.739,fast,1,3
1778362251,40.231,normal,1,3
1778362251,41.316,fast,1,3
1778362251,42.233,normal,1,3
1778362251,43.04,normal,1,3
1778362251,43.244,normal,1,3
1778362296,6.008,normal,1,1
1778362296,6.788,normal,1,1
1778362296,7.755,normal,1,1
1778362296,8.521,normal,1,1
1778362296,9.082,normal,1,1
1778362296,9.762,normal,1,1
1778362296,10.528,normal,1,1
1778362296,11.514,normal,1,2
1778362296,12.262,normal,1,2
1778362296,12.752,normal,1,2
1778362296,18.444,normal,1,2
1778362296,19.413,normal,1,2
1778362296,20.416,normal,1,2
1778362296,20.484,normal,1,2
1778362296,21.418,normal,1,2
1778362296,21.486,normal,1,2
1778362296,22.42,normal,1,2
1778362296,22.521,normal,1,2
1778362296,23.524,normal,1,2
1778362296,23.575,fast,1,2
1778362296,24.461,fast,1,3
1778362296,24.478,normal,1,3
1778362296,24.495,fast,1,3
1778362296,25.531,fast,1,3
1778362296,31.543,fast,1,3
1778362296,37.122,normal,1,3
1778362296,38.021,normal,1,3
1778362296,38.991,normal,1,3
1778362296,39.093,normal,1,3
1778362296,40.095,normal,1,3
1778362296,40.964,normal,1,3
1778362296,41.015,normal,1,3
1778362296,41.149,normal,1,3
1778362296,41.948,normal,1,3
1778362296,42.099,normal,1,3
1778362296,43.142,normal,1,3
1778362296,43.667,fast,1,3
1778362296,43.988,fast,1,3
1778362296,44.242,fast,1,3
1778362296,44.309,normal,1,3
1778362296,44.65,fast,1,3
1778362296,44.938,normal,1,3
1778362296,45.243,normal,1,3
1778362296,45.446,fast,1,3
1778362296,45.582,normal,1,3
1778362296,46.41,fast,1,3
1778362296,46.699,fast,1,3
1778362296,47.475,fast,1,3
1778362296,47.678,fast,1,3
1778362296,48.524,fast,1,3
1778362296,52.816,tank,1,4
1778362296,56.037,tank,1,4
1778362296,61.517,tank,1,4
1778362296,61.952,tank,1,4
1778362296,72.531,tank,1,4
1778362296,88.75,boss,1,4
1778362296,95.41,boss,1,4
1778362296,96.155,boss,1,4
1778362419,10.248,normal,1,1
1778362419,11.406,normal,1,2
1778362419,12.375,normal,1,2
1778362419,13.43,normal,1,2
1778362419,14.418,normal,1,2
1778362419,15.4,normal,1,2
1778362419,16.437,normal,1,2
1778362419,17.592,normal,1,2
1778362419,19.276,normal,1,2
1778362419,23.081,normal,1,2
1778362419,33.328,normal,1,2
1778362419,34.296,normal,1,3
1778362419,35.312,normal,1,3
1778362419,37.397,fast,1,3
1778362419,37.448,normal,1,3
1778362419,38.331,normal,1,3
1778362419,38.45,fast,1,3
1778362419,39.519,normal,1,3
1778362419,40.453,fast,1,3
1778362419,40.994,normal,1,3
1778362419,42.061,fast,1,3
1778362419,42.637,normal,1,3
1778362419,43.045,fast,1,3
1778362419,43.64,normal,1,3
1778362419,44.066,normal,1,3
1778362419,54.24,normal,1,3
1778362419,55.206,normal,1,3
1778362419,56.149,normal,1,3
1778362419,56.217,normal,1,3
1778362419,57.148,normal,1,3
1778362419,57.148,normal,1,3
1778362419,58.046,normal,1,3
1778362419,58.148,normal,1,3
1778362419,58.216,normal,1,3
1778362419,58.744,normal,1,3
1778362419,59.251,fast,1,3
1778362419,60.218,normal,1,3
1778362419,60.387,normal,1,3
1778362419,60.931,fast,1,3
1778362419,60.965,normal,1,3
1778362419,61.169,normal,1,3
1778362419,61.339,fast,1,3
1778362419,61.39,normal,1,3
1778362419,61.473,fast,1,3
1778362419,62.255,fast,1,3
1778362419,62.272,fast,1,3
1778362419,63.155,fast,1,4
1778362419,63.189,fast,1,4
1778362419,64.268,fast,1,4
1778362419,64.336,fast,1,4
1778362419,75.34,tank,1,4
1778362419,77.045,tank,1,4
1778362419,78.044,tank,1,4
1778362419,80.038,tank,1,4
1778362419,81.222,tank,1,4
1778362419,100.157,boss,1,4
1778362419,103.507,boss,1,4
1778362419,105.948,boss,1,4
1778362419,119.984,tank,2,2
1778362419,121.685,tank,2,2
1778362419,123.126,tank,2,2
1778362419,124.875,tank,2,2
1778362419,126.574,tank,2,2
1778362419,133.143,fast,2,2
1778362419,133.993,fast,2,2
1778362419,134.964,fast,2,2
1778362419,136.017,fast,2,2
1778362419,136.355,fast,2,2
1778362419,136.763,fast,2,2
1778362419,137.321,fast,2,3
1778362419,137.355,fast,2,3
1778362419,138.885,fast,2,3
1778362419,140.885,fast,2,3
1778362419,141.072,tank,2,3
1778362419,142.733,tank,2,3
1778362419,144.086,tank,2,3
1778362419,145.917,tank,2,3
1778362419,146.765,tank,2,3
1778362419,158.15,tank,2,3
1778362419,161.507,tank,2,3
1778362419,163.063,tank,2,3
1778362419,163.197,tank,2,3
1778362419,164.114,tank,2,3
1778362419,164.181,tank,2,3
1778362419,165.23,tank,2,3
1778362419,166.23,tank,2,3
1778362419,166.655,tank,2,3
1778362419,167.453,tank,2,3
1778362419,168.246,boss,2,3
1778362660,6.719,normal,1,1
1778362660,7.734,normal,1,1
1778362660,8.698,normal,1,1
1778362660,9.733,normal,1,1
1778362660,10.771,normal,1,2
1778362660,11.719,normal,1,2
1778362660,12.738,normal,1,2
1778362660,13.315,normal,1,2
1778362660,18.746,normal,1,2
1778362660,21.819,normal,1,2
1778362660,27.978,normal,1,2
1778362660,28.96,normal,1,2
1778362660,29.962,normal,1,2
1778362660,30.129,normal,1,2
1778362660,30.977,normal,1,2
1778362660,31.976,normal,1,2
1778362660,32.606,normal,1,2
1778362660,33.031,fast,1,3
1778362660,34.012,fast,1,3
1778362660,34.063,normal,1,3
1778362660,35.726,fast,1,3
1778362660,36.185,fast,1,3
1778362660,39.406,normal,1,3
1778362660,39.525,fast,1,3
1778362660,43.273,normal,1,3
1778362660,49.365,normal,1,3
1778362660,50.298,normal,1,3
1778362660,51.384,normal,1,3
1778362660,51.571,normal,1,3
1778362660,52.335,normal,1,3
1778362660,52.488,normal,1,3
1778362660,53.263,normal,1,3
1778362660,53.381,normal,1,3
1778362660,53.517,normal,1,3
1778362660,54.35,normal,1,3
1778362660,55.384,normal,1,3
1778362660,55.401,fast,1,3
1778362660,56.093,normal,1,3
1778362660,56.127,fast,1,3
1778362660,56.381,fast,1,3
1778362660,56.398,normal,1,3
1778362660,56.771,normal,1,3
1778362660,57.314,fast,1,3
1778362660,58.378,fast,1,3
1778362660,58.412,fast,1,3
1778362660,59.154,fast,1,3
1778362660,59.321,normal,1,3
1778362660,59.406,fast,1,3
1778362660,60.353,fast,1,3
1778362660,61.384,fast,1,3
1778362660,66.847,tank,1,4
1778362660,68.544,tank,1,4
1778362660,70.185,tank,1,4
1778362660,71.401,tank,1,4
1778362660,71.791,tank,1,4
1778362660,85.266,boss,1,4
1778362660,87.756,boss,1,4
1778362660,90.354,boss,1,4
1778362660,105.797,tank,2,2
1778362660,108.909,tank,2,2
1778362660,112.231,tank,2,2
1778362660,112.536,tank,2,2
1778362660,122.974,tank,2,2
1778362660,128.471,fast,2,2
1778362660,129.711,fast,2,2
1778362660,130.713,fast,2,2
1778362660,130.713,fast,2,2
1778362660,130.798,fast,2,2
1778362660,131.665,fast,2,2
1778362660,131.716,fast,2,2
1778362660,131.85,fast,2,2
1778362660,132.954,fast,2,2
1778362660,133.884,fast,2,3
1778362660,135.106,tank,2,3
1778362660,138.312,tank,2,3
1778362660,140.075,tank,2,3
1778362660,140.995,tank,2,3
1778362660,141.401,tank,2,3
1778362660,152.164,tank,2,3
1778362660,156.193,tank,2,3
1778362660,156.886,tank,2,3
1778362660,158.39,tank,2,3
1778362660,158.73,tank,2,3
1778362660,159.48,tank,2,3
1778362660,160.8,tank,2,3
1778362660,160.902,tank,2,3
1778362660,161.933,tank,2,3
1778362660,164.233,tank,2,3
1778362660,164.301,boss,2,3
1778418459,6.058,normal,1,1
1778418459,7.027,normal,1,1
1778418459,8.031,normal,1,1
1778418459,9.07,normal,1,1
1778418459,11.026,normal,1,2
1778418459,11.826,normal,1,2
1778418459,12.081,normal,1,2
1778418459,13.102,normal,1,2
1778418459,13.785,normal,1,2
1778418459,15.351,normal,1,2
1778418459,21.557,normal,1,2
1778418459,22.527,normal,1,2
1778418459,23.532,normal,1,2
1778418459,24.535,normal,1,2
1778418459,25.147,normal,1,2
1778418459,25.521,normal,1,2
1778418459,25.555,normal,1,2
1778418459,26.59,fast,1,3
1778418459,27.557,fast,1,3
1778418459,28.324,normal,1,3
1778418459,29.686,fast,1,3
1778418459,31.896,normal,1,3
1778418498,9.075,normal,1,1
1778418498,10.13,normal,1,1
1778418510,6.017,normal,1,1
1778418510,6.987,normal,1,1
1778418510,7.99,normal,1,1
1778418510,9.01,normal,1,1
1778418510,10.133,normal,1,1
1778418510,11.003,normal,1,2
1778418510,11.904,normal,1,2
1778418510,12.023,normal,1,2
1778418510,13.097,normal,1,2
1778418510,14.032,normal,1,2
1778418526,5.502,normal,1,1
1778418526,6.471,normal,1,1
1778418526,7.475,normal,1,1
1778418526,8.512,normal,1,1
1778418526,9.618,normal,1,1
1778418526,10.486,normal,1,1
1778418526,10.995,normal,1,2
1778418526,11.659,normal,1,2
1778418526,12.306,normal,1,2
1778418540,6.165,normal,1,1
1778418540,8.021,normal,1,1
1778418540,8.021,normal,1,1
1778418540,9.058,normal,1,1
1778418540,10.168,normal,1,1
1778418540,11.034,normal,1,2
1778418540,12.072,normal,1,2
1778418540,12.378,normal,1,2
1778418540,13.179,normal,1,2
1778418540,13.485,normal,1,2
1778418540,19.683,normal,1,2
1778418540,20.651,normal,1,2
1778418540,21.654,normal,1,2
1778418540,21.671,normal,1,2
1778418540,22.643,normal,1,2
1778418540,23.647,normal,1,2
1778418540,23.698,normal,1,2
1778418540,24.683,normal,1,3
1778418540,24.717,fast,1,3
1778418540,25.756,fast,1,3
1778418540,25.841,fast,1,3
1778418540,26.452,fast,1,3
1778418540,27.54,normal,1,3
1778418540,29.768,normal,1,3
1778418540,32.489,fast,1,3
1778418540,38.61,normal,1,3
1778418540,39.527,normal,1,3
1778418582,8.001,normal,1,1
1778418582,9.037,normal,1,1
1778418582,10.024,normal,1,1
1778418582,10.994,normal,1,2
1778418582,11.266,normal,1,2
1778418582,11.471,normal,1,2
1778418582,12.034,normal,1,2
1778418582,13.056,normal,1,2
1778418595,9.075,normal,1,1
1778418595,9.33,normal,1,1
1778418595,12.475,normal,1,2
1778418595,13.224,normal,1,2
1778418612,6.015,normal,1,1
1778418619,6.012,normal,1,1
1778418619,6.985,normal,1,1
1778418619,7.988,normal,1,1
1778418619,9.026,normal,1,1
1778418619,10.029,normal,1,1
1778418619,10.982,normal,1,2
1778418619,12.02,normal,1,2
1778418619,13.055,normal,1,2
1778418619,13.259,normal,1,2
1778418619,13.735,normal,1,2
1778418619,20.407,normal,1,2
1778418619,21.377,normal,1,2
1778418619,22.362,normal,1,2
1778418619,23.382,normal,1,2
1778418619,24.385,normal,1,2
1778418619,24.709,normal,1,2
1778418619,25.389,normal,1,3
1778418619,25.474,fast,1,3
1778418619,25.984,fast,1,3
1778418619,26.579,fast,1,3
1778418619,27.837,fast,1,3
1778418619,27.871,normal,1,3
1778418619,28.058,normal,1,3
1778418619,31.119,fast,1,3
1778418619,31.544,normal,1,3
1778418619,37.616,normal,1,3
1778418619,38.535,normal,1,3
1778418619,39.504,normal,1,3
1778418619,39.64,normal,1,3
1778418619,40.558,normal,1,3
1778418619,40.592,normal,1,3
1778418619,40.694,normal,1,3
1778418619,40.728,normal,1,3
1778418619,41.526,normal,1,3
1778418619,42.564,normal,1,3
1778418619,42.598,normal,1,3
1778418619,42.683,normal,1,3
1778418619,42.734,normal,1,3
1778418619,43.529,normal,1,3
1778418619,43.631,fast,1,3
1778418619,44.566,normal,1,3
1778418619,44.617,fast,1,3
1778418619,45.345,fast,1,3
1778418619,45.549,fast,1,3
1778418619,45.703,fast,1,3
1778418619,46.634,fast,1,3
1778418619,46.651,fast,1,3
1778418619,47.635,fast,1,3
1778418619,48.598,fast,1,3
1778418619,48.718,fast,1,3
1778418619,55.221,tank,1,4
1778418619,56.865,tank,1,4
1778418619,58.541,tank,1,4
1778418619,58.725,tank,1,4
1778418619,59.67,tank,1,4
1778418619,72.877,boss,1,4
1778418619,75.633,boss,1,4
1778418619,78.219,boss,1,4
1778418619,95.044,tank,2,2
1778418619,95.078,tank,2,2
1778418619,98.395,tank,2,2
1778418619,106.538,tank,2,2
1778418619,108.525,tank,2,2
1778418619,113.389,fast,2,2
1778418619,114.322,fast,2,2
1778418619,115.904,fast,2,2
1778418619,116.583,fast,2,2
1778418619,116.67,fast,2,2
1778418619,117.231,fast,2,2
1778418619,117.589,fast,2,2
1778418619,117.776,fast,2,2
1778418619,121.005,tank,2,3
1778418619,122.126,fast,2,3
1778418619,123.129,fast,2,3
1778418619,124.216,tank,2,3
1778418619,126.614,tank,2,3
1778418619,127.364,tank,2,3
1778418619,127.466,tank,2,3
1778418619,136.929,tank,2,3
1778418619,139.513,tank,2,3
1778418619,142.435,tank,2,3
1778418619,143.604,tank,2,3
1778418619,145.168,tank,2,3
1778418619,145.471,tank,2,3
1778418619,145.57,tank,2,3
1778418619,146.555,tank,2,3
1778418619,147.15,tank,2,3
1778418619,148.764,tank,2,3
1778418619,150.343,boss,2,3
1778418779,8.374,normal,1,1
1778418779,10.382,normal,1,1
1778418779,12.39,normal,1,2
1778418779,13.445,normal,1,2
1778418779,14.312,normal,1,2
1778418779,14.431,normal,1,2
1778418779,15.401,normal,1,2
1778418779,18.294,normal,1,2
1778418779,20.248,normal,1,2
1778418779,22.257,normal,1,2
1778418779,28.549,normal,1,2
1778418779,29.452,normal,1,2
1778418779,30.541,normal,1,2
1778418779,31.427,normal,1,2
1778418779,31.564,normal,1,2
1778418779,32.415,normal,1,2
1778418779,32.568,normal,1,2
1778418779,33.47,fast,1,3
1778418779,33.538,normal,1,3
1778418779,34.252,fast,1,3
1778418779,34.456,fast,1,3
1778418779,34.558,normal,1,3
1778418779,35.408,fast,1,3
1778418779,36.564,fast,1,3
1778418779,40.209,normal,1,3
1778418779,45.8,normal,1,3
1778418779,46.685,normal,1,3
1778418779,47.62,normal,1,3
1778418779,48.604,normal,1,3
1778418779,48.704,normal,1,3
1778418779,48.772,normal,1,3
1778418779,49.637,normal,1,3
1778418779,49.654,normal,1,3
1778418779,49.824,normal,1,3
1778418779,50.692,normal,1,3
1778418779,50.777,normal,1,3
1778418779,51.627,normal,1,3
1778418779,51.661,normal,1,3
1778418779,51.814,normal,1,3
1778418779,52.629,fast,1,3
1778418779,52.68,normal,1,3
1778418779,52.68,fast,1,3
1778418779,53.748,fast,1,3
1778418779,53.832,fast,1,3
1778418779,54.7,fast,1,3
1778418779,55.702,fast,1,3
1778418779,55.837,fast,1,3
1778418779,56.781,fast,1,3
1778418779,56.832,fast,1,3
1778418779,57.709,fast,1,3
1778418779,63.814,tank,1,4
1778418779,65.455,tank,1,4
1778418779,66.912,tank,1,4
1778418779,67.303,tank,1,4
1778418779,68.281,tank,1,4
1778418779,81.541,boss,1,4
1778418779,84.066,boss,1,4
1778418779,85.468,boss,1,4
1778418779,100.967,tank,2,2
1778418779,104.063,tank,2,2
1778418779,107.395,tank,2,2
1778418779,110.676,tank,2,2
1778418779,112.866,tank,2,2
1778418779,119.141,fast,2,2
1778418779,119.311,fast,2,2
1778418779,120.316,fast,2,2
1778418779,120.401,fast,2,2
1778418779,121.319,fast,2,2
1778418779,121.471,fast,2,2
1778418779,122.272,fast,2,2
1778418779,122.34,fast,2,2
1778418779,122.578,fast,2,2
1778418779,125.843,fast,2,3
1778418779,128.087,tank,2,3
1778418779,128.835,tank,2,3
1778418779,131.985,tank,2,3
1778418779,132.138,tank,2,3
1778418779,134.669,tank,2,3
1778418779,144.145,tank,2,3
1778418779,146.72,tank,2,3
1778418779,149.71,tank,2,3
1778418779,150.813,tank,2,3
1778418779,152.354,tank,2,3
1778418779,152.694,tank,2,3
1778418779,152.796,tank,2,3
1778418779,153.846,tank,2,3
1778418779,155.65,tank,2,3
1778418779,156.022,tank,2,3
1778418779,156.771,boss,2,3
1778419788,6.066,normal,1,1
1778419788,7.018,normal,1,1
1778419788,8.039,normal,1,1
1778419788,9.076,normal,1,1
1778419788,10.046,normal,1,1
1778419788,11.053,normal,1,2
1778419788,12.072,normal,1,2
1778419788,12.667,normal,1,2
1778419788,13.058,normal,1,2
1778419804,6.057,normal,1,1
1778419804,7.028,normal,1,1
1778419804,8.016,normal,1,1
1778419804,8.578,normal,1,1
1778419804,10.039,normal,1,1
1778419804,10.516,normal,1,1
1778419804,11.383,normal,1,2
1778419804,12.319,normal,1,2
1778419804,12.37,normal,1,2
1778419804,14.411,normal,1,2
1778419804,20.585,normal,1,2
1778419804,21.54,normal,1,2
1778419804,22.544,normal,1,2
1778419804,23.562,normal,1,2
1778419804,24.548,normal,1,2
1778419804,24.667,normal,1,2
1778419804,25.278,fast,1,2
1778419804,25.397,normal,1,2
1778419804,26.638,normal,1,3
1778419804,26.655,fast,1,3
1778419804,26.757,normal,1,3
1778419804,26.774,fast,1,3
1778419804,28.544,fast,1,3
1778419804,30.789,fast,1,3
1778419842,5.553,normal,1,1
1778419842,6.508,normal,1,1
1778419842,7.528,normal,1,1
1778419842,8.515,normal,1,1
1778419842,9.535,normal,1,1
1778419842,10.538,normal,1,1
1778419842,11.506,normal,1,2
1778419842,12.509,normal,1,2
1778419842,13.531,normal,1,2
1778419880,9.296,normal,1,1
1778419880,10.215,normal,1,1
1778419880,11.269,normal,1,1
1778419880,12.206,normal,1,2
1778419880,12.444,normal,1,2
1778419880,14.214,normal,1,2
1778419880,15.305,normal,1,2
1778419880,15.833,normal,1,2
1778419880,17.229,normal,1,2
1778419880,19.253,normal,1,2
1778419880,23.385,normal,1,2
1778419880,30.248,normal,1,2
1778419880,32.903,normal,1,2
1778419880,33.956,normal,1,2
1778419880,34.857,normal,1,3
1778419880,34.991,normal,1,3
1778419880,35.739,fast,1,3
1778419880,35.96,normal,1,3
1778419880,36.947,fast,1,3
1778419880,38.018,fast,1,3
1778419880,41.607,normal,1,3
1778419880,41.811,fast,1,3
1778419921,6.045,normal,1,1
1778419921,7.014,normal,1,1
1778419921,8.002,normal,1,1
1778419921,9.058,normal,1,1
1778419921,10.162,normal,1,1
1778419921,10.758,normal,1,1
1778419921,11.013,normal,1,1
1778419921,12.07,normal,1,2
1778419921,13.092,normal,1,2
1778419921,13.788,normal,1,2
1778419921,14.043,normal,1,2
1778419921,20.233,normal,1,2
1778419921,21.202,normal,1,2
1778419921,22.205,normal,1,2
1778419921,22.358,normal,1,2
1778419921,23.208,normal,1,2
1778419921,23.361,normal,1,2
1778419921,24.194,normal,1,2
1778419921,24.245,normal,1,2
1778419921,24.841,fast,1,2
1778419921,25.233,normal,1,3
1778419921,26.085,fast,1,3
1778419921,26.272,fast,1,3
1778419921,26.391,normal,1,3
1778419921,27.276,fast,1,3
1778419921,27.429,fast,1,3
1778419921,33.006,normal,1,3
1778419921,33.924,normal,1,3
1778419921,34.875,normal,1,3
1778419921,35.029,normal,1,3
1778419921,35.982,normal,1,3
1778419921,35.982,normal,1,3
1778419921,36.9,normal,1,3
1778419921,36.917,normal,1,3
1778419921,37.036,normal,1,3
1778419921,37.935,normal,1,3
1778419921,37.986,normal,1,3
1778419921,38.906,normal,1,3
1778419921,38.906,normal,1,3
1778419921,39.025,normal,1,3
1778419921,39.91,fast,1,3
1778419921,39.928,fast,1,3
1778419921,39.945,normal,1,3
1778419921,40.996,fast,1,3
1778419921,41.03,fast,1,3
1778419921,41.949,fast,1,3
1778419921,42.935,fast,1,3
1778419921,43.07,fast,1,3
1778419921,44.007,fast,1,3
1778419921,44.041,fast,1,3
1778419921,44.943,fast,1,3
1778419921,51.351,tank,1,4
1778419921,52.472,tank,1,4
1778419921,54.509,tank,1,4
1778419921,55.507,tank,1,4
1778419921,56.534,tank,1,4
1778419921,69.781,boss,1,4
1778419921,72.738,boss,1,4
1778419921,74.398,boss,1,4
1778419921,85.186,tank,2,2
1778419921,89.865,tank,2,2
1778419921,90.475,tank,2,2
1778419921,90.901,tank,2,2
1778419921,91.922,tank,2,2
1778419921,96.823,fast,2,2
1778419921,97.725,fast,2,2
1778419921,98.967,fast,2,2
1778419921,99.972,fast,2,2
1778419921,100.057,fast,2,2
1778419921,100.313,fast,2,2
1778419921,100.908,fast,2,2
1778419921,100.976,fast,2,2
1778419921,101.146,fast,2,2
1778419921,104.364,tank,2,3
1778419921,106.471,fast,2,3
1778419921,107.455,tank,2,3
1778419921,108.919,tank,2,3
1778419921,109.971,tank,2,3
1778419921,110.327,tank,2,3
1778419921,121.069,tank,2,3
1778419921,125.083,tank,2,3
1778419921,125.758,tank,2,3
1778419921,127.351,tank,2,3
1778419921,127.776,tank,2,3
1778419921,128.352,tank,2,3
1778419921,129.689,tank,2,3
1778419921,129.808,tank,2,3
1778419921,130.79,tank,2,3
1778419921,130.874,tank,2,3
1778419921,133.09,boss,2,3
1778420062,6.077,normal,1,1
1778420062,7.049,normal,1,1
1778420062,8.069,normal,1,1
1778420062,9.123,normal,1,1
1778420062,10.075,normal,1,1
1778420062,10.992,normal,1,1
1778420062,12.046,normal,1,2
1778420062,12.624,normal,1,2
1778420062,13.083,normal,1,2
1778420062,14.019,normal,1,2
1778420062,14.427,normal,1,2
1778420062,20.738,normal,1,2
1778420062,21.674,normal,1,2
1778420062,22.645,normal,1,2
1778420062,22.662,normal,1,2
1778420062,23.667,normal,1,2
1778420062,23.735,normal,1,2
1778420062,24.654,normal,1,2
1778420062,25.724,normal,1,3
1778420062,25.724,fast,1,3
1778420062,25.809,normal,1,3
1778420062,26.473,fast,1,3
1778420062,26.711,fast,1,3
1778420062,26.813,normal,1,3
1778420062,27.681,fast,1,3
1778420062,27.817,fast,1,3
1778420062,33.376,normal,1,3
1778420062,34.326,normal,1,3
1778420062,35.244,normal,1,3
1778420062,35.399,normal,1,3
1778420062,36.35,normal,1,3
1778420062,36.384,normal,1,3
1778420062,37.267,normal,1,3
1778420062,37.301,normal,1,3
1778420062,37.386,normal,1,3
1778420062,38.353,normal,1,3
1778420062,38.353,normal,1,3
1778420062,39.282,normal,1,3
1778420062,39.316,normal,1,3
1778420062,39.399,normal,1,3
1778420062,40.314,fast,1,3
1778420062,40.346,fast,1,3
1778420062,40.397,normal,1,3
1778420062,41.445,fast,1,3
1778420062,41.445,fast,1,3
1778420062,42.378,fast,1,3
1778420062,43.375,fast,1,3
1778420062,43.46,fast,1,3
1778420062,44.401,fast,1,3
1778420062,44.452,fast,1,3
1778420062,45.431,fast,1,3
1778420062,51.457,tank,1,4
1778420062,53.135,tank,1,4
1778420062,54.561,tank,1,4
1778420062,54.95,tank,1,4
1778420062,56.34,tank,1,4
1778420062,69.218,boss,1,4
1778420062,71.496,boss,1,4
1778420062,72.97,boss,1,4
1778420062,87.085,tank,2,2
1778420062,89.228,tank,2,2
1778420062,90.231,tank,2,2
1778420062,92.274,tank,2,2
1778420062,92.375,tank,2,2
1778420062,97.852,fast,2,2
1778420062,99.126,fast,2,2
1778420062,99.886,fast,2,2
1778420062,100.141,fast,2,2
1778420062,100.243,fast,2,2
1778420062,101.038,fast,2,2
1778420062,101.158,fast,2,2
1778420062,101.345,fast,2,2
1778420062,102.516,fast,2,2
1778420062,103.212,fast,2,3
1778420062,106.474,tank,2,3
1778420062,107.51,tank,2,3
1778420062,108.563,tank,2,3
1778420062,109.59,tank,2,3
1778420062,111.001,tank,2,3
1778420062,120.463,tank,2,3
1778420062,123.046,tank,2,3
1778420062,125.83,tank,2,3
1778420062,126.387,tank,2,3
1778420062,127.102,tank,2,3
1778420062,128.325,tank,2,3
1778420062,128.75,tank,2,3
1778420062,129.427,tank,2,3
1778420062,130.413,tank,2,3
1778420062,132.249,tank,2,3
1778420062,132.791,boss,2,3
1778420199,6.011,normal,1,1
1778420199,6.982,normal,1,1
1778420199,7.984,normal,1,1
1778420199,10.025,normal,1,1
1778420199,10.994,normal,1,1
1778420199,11.81,normal,1,2
1778420199,12.015,normal,1,2
1778420199,13.205,normal,1,2
1778420199,14.005,normal,1,2
1778420199,15.026,normal,1,2
1778420199,18.482,normal,1,2
1778420199,25.185,normal,1,2
1778420199,26.153,normal,1,2
1778420199,27.157,normal,1,2
1778420199,28.143,normal,1,2
1778420199,29.163,normal,1,2
1778420199,29.486,normal,1,2
1778420199,30.268,fast,1,3
1778420199,30.489,fast,1,3
1778420199,30.76,fast,1,3
1778420199,31.168,normal,1,3
1778420199,31.253,fast,1,3
1778420199,32.599,normal,1,3
1778420199,36.238,normal,1,3
1778420199,36.918,fast,1,3
1778420199,37.835,normal,1,3
1778420199,43.411,normal,1,3
1778420199,44.346,normal,1,3
1778420199,45.332,normal,1,3
1778420199,45.434,normal,1,3
1778420199,46.369,normal,1,3
1778420199,46.386,normal,1,3
1778420199,47.253,normal,1,3
1778420199,47.321,normal,1,3
1778420199,47.423,normal,1,3
1778420199,48.388,normal,1,3
1778420199,48.388,normal,1,3
1778420199,49.27,normal,1,3
1778420199,49.338,normal,1,3
1778420199,49.439,normal,1,3
1778420199,50.255,fast,1,3
1778420199,50.357,fast,1,3
1778420199,50.391,normal,1,3
1778420199,51.439,fast,1,3
1778420199,51.472,fast,1,3
1778420199,52.387,fast,1,3
1778420199,53.386,fast,1,3
1778420199,53.469,fast,1,3
1778420199,54.47,fast,1,3
1778420199,54.521,fast,1,3
1778420199,55.418,fast,1,3
1778420199,61.401,tank,1,4
1778420199,61.759,tank,1,4
1778420199,63.099,tank,1,4
1778420199,63.982,tank,1,4
1778420199,65.012,tank,1,4
1778420199,77.482,boss,1,4
1778420282,6.035,normal,1,1
1778420282,7.004,normal,1,1
1778420282,7.991,normal,1,1
1778420282,9.045,normal,1,1
1778420282,10.064,normal,1,1
1778420282,11.018,normal,1,1
1778420282,12.038,normal,1,2
1778420282,13.077,normal,1,2
1778420282,13.281,normal,1,2
1778420282,14.014,normal,1,2
1778420282,16.566,normal,1,2
1778420282,22.741,normal,1,2
1778420282,23.694,normal,1,2
1778420282,24.698,normal,1,2
1778420282,25.701,normal,1,2
1778420282,26.719,normal,1,2
1778420282,26.787,normal,1,2
1778420282,27.535,normal,1,2
1778420282,27.721,normal,1,3
1778420282,27.806,fast,1,3
1778420282,28.537,fast,1,3
1778420282,28.808,fast,1,3
1778420282,30.103,fast,1,3
1778420282,30.664,fast,1,3
1778420282,34.29,normal,1,3
1778420282,36.162,normal,1,3
1778420282,41.758,normal,1,3
1778420282,42.659,normal,1,3
1778420282,43.643,normal,1,3
1778420282,43.728,normal,1,3
1778420282,44.527,normal,1,3
1778420282,44.729,normal,1,3
1778420282,45.58,normal,1,3
1778420282,45.631,normal,1,3
1778420282,45.784,normal,1,3
1778420282,46.685,normal,1,3
1778420282,46.736,normal,1,3
1778420282,47.584,normal,1,3
1778420282,47.635,normal,1,3
1778420282,47.771,normal,1,3
1778420282,48.569,fast,1,3
1778420282,48.654,fast,1,3
1778420282,48.671,normal,1,3
1778420282,49.791,fast,1,3
1778420282,49.791,fast,1,3
1778420282,50.69,fast,1,3
1778420282,51.673,fast,1,3
1778420282,51.826,fast,1,3
1778420282,52.744,fast,1,3
1778420282,52.795,fast,1,3
1778420282,53.699,fast,1,3
1778420282,59.852,tank,1,4
1778420282,61.49,tank,1,4
1778420282,63.185,tank,1,4
1778420282,63.338,tank,1,4
1778420282,64.625,tank,1,4
1778420282,77.06,boss,1,4
1778420282,79.592,boss,1,4
1778420282,82.002,boss,1,4
1778420282,93.246,tank,2,2
1778420282,96.612,tank,2,2
1778420282,99.621,tank,2,2
1778420282,99.979,tank,2,2
1778420282,99.996,tank,2,2
1778420282,104.636,fast,2,2
1778420282,105.808,fast,2,2
1778420282,107.186,fast,2,2
1778420282,107.832,fast,2,2
1778420282,108.05,fast,2,2
1778420282,108.151,fast,2,2
1778420282,108.676,fast,2,2
1778420282,109.607,fast,2,2
1778420282,110.542,fast,2,3
1778420282,111.478,tank,2,3
1778420282,113.585,fast,2,3
1778420282,114.926,tank,2,3
1778420282,115.828,tank,2,3
1778420282,116.151,tank,2,3
1778420282,117.052,tank,2,3
1778420282,125.461,tank,2,3
1778420282,127.419,tank,2,3
1778420282,128.065,tank,2,3
1778420282,128.593,tank,2,3
1778420282,130.171,tank,2,3
1778420282,130.782,tank,2,3
1778420282,131.327,tank,2,3
1778420282,132.94,tank,2,3
1778420282,133.518,tank,2,3
1778420282,134.061,tank,2,3
1778420282,136.896,boss,2,3
1778420429,5.526,normal,1,1
1778420429,6.478,normal,1,1
1778420429,7.498,normal,1,1
1778420429,8.554,normal,1,1
1778420429,9.642,normal,1,1
1778420429,10.508,normal,1,1
1778420429,11.545,normal,1,2
1778420429,11.715,normal,1,2
1778420429,12.632,normal,1,2
1778420429,13.518,normal,1,2
1778420429,13.552,normal,1,2
1778420429,19.269,normal,1,2
1778420429,20.238,normal,1,2
1778420429,21.243,normal,1,2
1778420429,21.294,normal,1,2
1778420451,5.506,normal,1,1
1778420451,6.475,normal,1,1
1778420451,7.461,normal,1,1
1778420451,8.515,normal,1,1
1778420451,9.636,normal,1,1
1778420451,10.486,normal,1,1
1778420451,10.725,normal,1,1
1778420451,11.508,normal,1,2
1778420451,12.546,normal,1,2
1778420451,13.483,normal,1,2
1778420451,13.602,normal,1,2
1778420451,19.266,normal,1,2
1778420451,20.234,normal,1,2
1778420451,21.236,normal,1,2
1778420451,21.338,normal,1,2
1778420451,22.24,normal,1,2
1778420451,22.326,normal,1,2
1778420451,23.245,normal,1,2
1778420451,23.381,normal,1,2
1778420451,24.35,fast,1,2
1778420451,24.367,normal,1,2
1778420451,25.32,fast,1,3
1778420451,25.353,normal,1,3
1778420451,26.391,fast,1,3
1778420451,26.68,fast,1,3
1778420451,28.467,fast,1,3
1778420451,34.076,normal,1,3
1778420451,34.994,normal,1,3
1778420451,35.979,normal,1,3
1778420451,36.047,normal,1,3
1778420451,36.828,normal,1,3
1778420451,36.96,normal,1,3
1778420451,37.062,normal,1,3
1778420451,37.922,normal,1,3
1778420451,38.922,normal,1,3
1778420451,39.075,normal,1,3
1778420451,39.075,normal,1,3
1778420451,39.976,normal,1,3
1778420451,39.993,normal,1,3
1778420451,40.129,normal,1,3
1778420451,40.98,fast,1,3
1778420451,41.014,fast,1,3
1778420451,41.048,normal,1,3
1778420451,42.115,fast,1,3
1778420451,42.166,fast,1,3
1778420451,43.031,fast,1,3
1778420451,44.046,fast,1,3
1778420451,44.131,fast,1,3
1778420451,45.096,fast,1,3
1778420451,45.164,fast,1,3
1778420451,46.083,fast,1,3
1778420451,52.106,tank,1,4
1778420451,53.758,tank,1,4
1778420451,55.373,tank,1,4
1778420451,56.915,tank,1,4
1778420451,58.512,tank,1,4
1778420451,71.74,boss,1,4
1778420451,74.88,boss,1,4
1778420451,77.899,boss,1,4
1778420451,87.447,tank,2,1
1778420451,90.679,tank,2,2
1778420451,92.532,tank,2,2
1778420451,94.163,tank,2,2
1778420451,95.148,tank,2,2
1778420451,99.794,fast,2,2
1778420451,100.933,fast,2,2
1778420451,102.192,fast,2,2
1778420451,102.989,fast,2,2
1778420451,103.312,fast,2,2
1778420451,103.583,fast,2,2
1778420451,103.923,fast,2,2
1778420451,104.11,fast,2,2
1778420451,104.144,fast,2,2
1778420451,105.149,fast,2,2
1778420451,106.643,tank,2,3
1778420451,109.671,tank,2,3
1778420451,109.941,tank,2,3
1778420451,109.975,tank,2,3
1778420451,111.015,tank,2,3
1778420451,119.454,tank,2,3
1778420451,121.391,tank,2,3
1778420451,122.054,tank,2,3
1778420451,122.581,tank,2,3
1778420451,124.144,tank,2,3
1778420451,124.755,tank,2,3
1778420451,125.316,tank,2,3
1778420451,126.492,tank,2,3
1778420451,127.512,tank,2,3
1778420451,127.801,tank,2,3
1778420451,130.456,boss,2,3
1778421116,5.992,normal,1,1
1778421116,6.97,normal,1,1
1778421116,7.53,normal,1,1
1778421116,8.526,normal,1,1
1778421116,9.456,normal,1,1
1778421116,9.49,normal,1,1
1778421116,10.548,normal,1,1
1778421116,11.538,normal,1,2
1778421116,12.524,normal,1,2
1778421116,13.56,normal,1,2
1778421116,13.56,normal,1,2
1778421116,19.758,normal,1,2
1778421116,20.728,normal,1,2
1778421116,21.729,normal,1,2
1778421116,21.746,normal,1,2
1778421116,22.738,normal,1,2
1778421116,22.755,normal,1,2
1778421116,23.744,normal,1,2
1778421116,23.761,normal,1,2
1778421116,24.418,fast,1,2
1778421116,24.775,normal,1,3
1778421116,25.267,fast,1,3
1778421116,25.913,normal,1,3
1778421116,25.963,fast,1,3
1778421116,26.216,fast,1,3
1778421116,27.351,fast,1,3
1778421116,32.945,normal,1,3
1778421116,33.828,normal,1,3
1778421116,34.797,normal,1,3
1778421116,34.997,normal,1,3
1778421116,35.86,normal,1,3
1778421116,35.945,normal,1,3
1778421116,36.837,normal,1,3
1778421116,36.956,normal,1,3
1778421116,37.784,normal,1,3
1778421116,37.835,normal,1,3
1778421116,37.919,normal,1,3
1778421116,37.984,normal,1,3
1778421116,38.848,normal,1,3
1778421116,39.781,normal,1,3
1778421116,39.865,fast,1,3
1778421116,39.881,normal,1,3
1778421116,40.778,fast,1,3
1778421116,41.101,fast,1,3
1778421116,41.118,fast,1,3
1778421116,41.911,fast,1,3
1778421116,42.892,fast,1,3
1778421116,42.992,fast,1,3
1778421116,44.122,fast,1,3
1778421116,44.155,fast,1,3
1778421116,44.947,fast,1,3
1778421116,50.99,tank,1,4
1778421116,52.618,tank,1,4
1778421116,54.134,tank,1,4
1778421116,55.766,tank,1,4
1778421116,56.24,tank,1,4
1778421116,69.508,boss,1,4
1778421116,72.284,boss,1,4
1778421116,72.965,boss,1,4
1778421116,83.749,tank,2,2
1778421116,87.717,tank,2,2
1778421116,88.69,tank,2,2
1778421116,89.062,tank,2,2
1778421116,90.09,tank,2,2
1778421116,94.711,fast,2,2
1778421116,95.862,fast,2,2
1778421116,97.031,fast,2,2
1778421116,97.894,fast,2,2
1778421116,97.945,fast,2,2
1778421116,97.945,fast,2,2
1778421116,98.775,fast,2,2
1778421116,98.946,fast,2,2
1778421116,99.099,fast,2,2
1778421116,99.571,fast,2,2
1778421116,101.55,tank,2,3
1778421116,104.914,tank,2,3
1778421116,105.861,tank,2,3
1778421116,106.62,tank,2,3
1778421116,108.242,tank,2,3
1778421116,116.686,tank,2,3
1778421116,118.626,tank,2,3
1778421116,119.282,tank,2,3
1778421116,119.804,tank,2,3
1778421116,121.357,tank,2,3
1778421116,121.999,tank,2,3
1778421116,122.217,tank,2,3
1778421116,123.385,tank,2,3
1778421116,124.15,tank,2,3
1778421116,124.776,tank,2,3
1778421116,126.217,boss,2,3
